{"cameraMode":{"drawMode":0,"name":"Shaded","section":"Shading Mode"},"sceneLighting":false,"audioPlay":false,"sceneViewState":{"showFog":false,"showMaterialUpdate":false,"showSkybox":false,"showFlares":false,"showImageEffects":false,"showParticleSystems":false},"in2DMode":false,"pivot":{"x":4.76837158203125e-7,"y":1.9478142261505128,"z":-0.03827614337205887},"rotation":{"x":0.06108013540506363,"y":-0.7671257257461548,"z":0.0738711804151535,"w":0.6342959403991699},"size":1.2505143880844117,"orthographic":true}