{"cameraMode":{"drawMode":0,"name":"Shaded","section":"Shading Mode"},"sceneLighting":false,"audioPlay":false,"sceneViewState":{"showFog":false,"showMaterialUpdate":false,"showSkybox":false,"showFlares":false,"showImageEffects":false,"showParticleSystems":false},"in2DMode":false,"pivot":{"x":0.0023425817489624025,"y":0.8663374185562134,"z":-0.02687568962574005},"rotation":{"x":0.03333878889679909,"y":-0.8995772004127502,"z":0.0697648823261261,"w":0.4298902451992035},"size":1.2544056177139283,"orthographic":false}