{"cameraMode":{"drawMode":0,"name":"Shaded","section":"Shading Mode"},"sceneLighting":false,"audioPlay":false,"sceneViewState":{"showFog":false,"showMaterialUpdate":false,"showSkybox":false,"showFlares":false,"showImageEffects":false,"showParticleSystems":false},"in2DMode":false,"pivot":{"x":-2.384185791015625e-7,"y":0.874468207359314,"z":-0.023204326629638673},"rotation":{"x":-0.04589793458580971,"y":0.9534015655517578,"z":-0.22877077758312226,"w":-0.19127947092056275},"size":1.186112642288208,"orthographic":false}