{"cameraMode":{"drawMode":0,"name":"Shaded","section":"Shading Mode"},"sceneLighting":false,"audioPlay":false,"sceneViewState":{"showFog":false,"showMaterialUpdate":false,"showSkybox":false,"showFlares":false,"showImageEffects":false,"showParticleSystems":false},"in2DMode":false,"pivot":{"x":0.180281400680542,"y":0.0913376435637474,"z":-0.08705203235149384},"rotation":{"x":-0.12663137912750245,"y":0.5250592231750488,"z":-0.0793541669845581,"w":-0.8378584384918213},"size":0.061237264424562457,"orthographic":false}