{"cameraMode":{"drawMode":0,"name":"Shaded","section":"Shading Mode"},"sceneLighting":false,"audioPlay":false,"sceneViewState":{"showFog":false,"showMaterialUpdate":false,"showSkybox":false,"showFlares":false,"showImageEffects":false,"showParticleSystems":false},"in2DMode":false,"pivot":{"x":-0.9407831430435181,"y":1.516528606414795,"z":3.0192832946777345},"rotation":{"x":0.05075022950768471,"y":0.9491817951202393,"z":-0.2187574803829193,"w":0.22054916620254517},"size":0.5087981224060059,"orthographic":false}